"國語注音符號第一式","威妥瑪拼音","國語注音符號第二式","耶魯拼音","法國遠東學院拼音","德國式拼音","華語通用拼音","漢語拼音方案","國語羅馬字:第一聲","第二聲","第三聲","第四聲"
"ㄚ","a","a","a","a","a","a","a","a","ar","aa","ah"
"ㄞ","ai","ai","ai","ngai","ai","ai","ai","ai","air","ae","ay"
"ㄢ","an","an","an","ngan","an","an","an","an","arn","aan","ann"
"ㄤ","ang","ang","ang","ngang","ang","ang","ang","ang","arng","aang","anq"
"ㄠ","ao","au","au","ngao","au","au","ao","au","aur","ao","aw"
"ㄓㄚ","cha","ja","ja","tcha","dscha","jha","zha","ja","jar","jaa","jah"
"ㄔㄚ","ch'a","cha","cha","tch'a","tcha","cha","cha","cha","char","chaa","chah"
"ㄓㄞ","chai","jai","jai","tchai","dschai","jhai","zhai","jai","jair","jae","jay"
"ㄔㄞ","ch'ai","chai","chai","tch'ai","tchai","chai","chai","chai","chair","chae","chay"
"ㄓㄢ","chan","jan","jan","tchan","dschan","jhan","zhan","jan","jarn","jaan","jann"
"ㄔㄢ","ch'an","chan","chan","tch'an","tschan","chan","chan","chan","charn","chaan","chann"
"ㄓㄤ","chang","jang","jang","tchang","dschang","jhang","zhang","jang","jarng","jaang","janq"
"ㄔㄤ","ch'ang","chang","chang","tch'ang","tschang","chang","chang","chang","charng","chaang","chanq"
"ㄓㄠ","chao","jau","jau","tchao","dschau","jhao","zhao","jau","jaur","jao","jaw"
"ㄔㄠ","ch'ao","chau","chau","tch'ao","tschau","chao","chao","chau","chaur","chao","chaw"
"ㄓㄜ","chê","je","je","tchö","dschö","jhe","zhe","je","jer","jee","jeh"
"ㄔㄜ","ch'ê","che","che","tch'ö","tschö","che","che","che","cher","chee","cheh"
"ㄓㄟ","chei","jei","jei","tchei","dsche","jhei","zhei","jei","jeir","jeei","jey"
"ㄓㄣ","chên","jen","jen","tchen","dschën","jhen","zhen","jen","jern","jeen","jenn"
"ㄔㄣ","ch'ên","chen","chen","tch'en","tschën","chen","chen","chen","chern","cheen","chenn"
"ㄓㄥ","chêng","jeng","jeng","tcheng","dschëng","jheng","zheng","jeng","jerng","jeeng","jenq"
"ㄔㄥ","ch'êng","cheng","cheng","tch'eng","tschëng","cheng","cheng","cheng","cherng","cheeng","chenq"
"ㄐㄧ","chi","ji","ji","ki","dji","ji","ji","ji","jyi","jii","jih"
"ㄑㄧ","ch'i","chi","chi","k'i","tji","ci","qi","chi","chyi","chii","chih"
"ㄐㄧㄚ","chia","jia","jya","kia","djia","jia","jia","jia","jya","jea","jiah"
"ㄑㄧㄚ","ch'ia","chia","chya","k'ia","tjia","cia","qia","chia","chya","chea","chiah"
"ㄐㄧㄤ","chiang","jiang","jyang","kiang","djiang","jiang","jiang","jiang","jyang","jeang","jianq"
"ㄑㄧㄤ","ch'iang","chiang","chyang","k'iang","tjiang","ciang","qiang","chiang","chyang","cheang","chianq"
"ㄐㄧㄠ","chiao","jiau","jyau","kiao","djiau","jiao","jiao","jiau","jyau","jeau","jiaw"
"ㄑㄧㄠ","ch'iao","chiau","chyau","k'iao","tjiau","ciao","qiao","chiau","chyau","cheau","chiaw"
"ㄐㄧㄝ","chieh","jie","jye","kie","djiä","jie","jie","jie","jye","jiee","jieh"
"ㄑㄧㄝ","ch'ieh","chie","chye","k'ie","tjiä","cie","qie","chie","chye","chiee","chieh"
"ㄐㄧㄢ","chien","jian","jyan","kien","djiän","jian","jian","jian","jyan","jean","jiann"
"ㄑㄧㄢ","ch'ien","chian","chyan","k'ien","tjiän","cian","qian","chian","chyan","chean","chiann"
"ㄓ","chih","jr","jr","tche","dschï","jhih","zhi","jy","jyr","jyy","jyh"
"ㄔ","ch'ih","chr","chr","tch'e","tschï","chih","chi","chy","chyr","chyy","chyh"
"ㄐㄧㄣ","chin","jin","jin","kin","djin","jin","jin","jin","jyn","jiin","jinn"
"ㄑㄧㄣ","ch'in","chin","chin","k'in","tjin","cin","qin","chin","chyn","chiin","chinn"
"ㄐㄧㄥ","ching","jing","jing","king","djing","jing","jing","jing","jyng","jiing","jinq"
"ㄑㄧㄥ","ch'ing","ching","ching","k'ing","tjing","cing","qing","ching","chyng","chiing","chinq"
"ㄐㄧㄡ","chiu","jiou","jyou","kieou","djiu","jiou","jiu","jiou","jyou","jeou","jiow"
"ㄑㄧㄡ","ch'iu","chiou","chyou","k'ieou","tjiu","ciou","qiu","chiou","chyou","cheou","chiow"
"ㄐㄩㄥ","chiung","jiung","jyung","kiong","djiung","jyong","jiong","jiong","jyong","jeong","jionq"
"ㄑㄩㄥ","ch'iung","chiung","chyung","k'iong","tjiung","cyong","qiong","chiong","chyong","cheong","chionq"
"ㄓㄨㄛ","cho","juo","jwo","tchouo","dscho","jhuo","zhuo","juo","jwo","juoo","juoh"
"ㄔㄨㄛ","ch'o","chuo","chwo","tch'ouo","tscho","chuo","chuo","chuo","chwo","chuoo","chuoh"
"ㄓㄡ","chou","jou","jou","tcheou","dschou","jhou","zhou","jou","jour","joou","jow"
"ㄔㄡ","ch'ou","chou","chou","tch'eou","tschou","chou","chou","chou","chour","choou","chow"
"ㄓㄨ","chu","ju","ju","tchou","dschu","jhu","zhu","ju","jwu","juu","juh"
"ㄔㄨ","ch'u","chu","chu","tch'ou","tschu","chu","chu","chu","chwu","chuu","chuh"
"ㄓㄨㄚ","chua","jua","jwa","tchoua","dschua","jhua","zhua","jua","jwa","joa","juah"
"ㄔㄨㄚ","ch'ua","chua","chwa","tch'oua","tschua","chua","chua","chua","chuar","chuaa","chuah"
"ㄓㄨㄞ","chuai","juai","jwai","tchouai","dschuai","jhuai","zhuai","juai","jwai","joai","juay"
"ㄔㄨㄞ","ch'uai","chuai","chwai","tch'ouai","tschuai","chuai","chuai","chuai","chwai","choai","chuay"
"ㄓㄨㄢ","chuan","juan","jwan","tchouan","dschuan","jhuan","zhuan","juan","jwan","joan","juann"
"ㄔㄨㄢ","ch'uan","chuan","chwan","tch'ouan","tschuan","chuan","chuan","chuan","chwan","choan","chuann"
"ㄓㄨㄤ","chuang","juang","jwang","tchouang","dschuang","jhuang","zhuang","juang","jwang","joang","juanq"
"ㄔㄨㄤ","ch'uang","chuang","chwang","tch'ouang","tschuang","chuang","chuang","chuang","chwang","choang","chuanq"
"ㄓㄨㄟ","chui","juei","jwei","tchouei","dschui","jhuei","zhui","juei","jwei","joei","juey"
"ㄔㄨㄟ","ch'ui","chuei","chwei","tch'ouei","tschui","chuei","chui","chuei","chwei","choei","chuey"
"ㄓㄨㄣ","chun","juen","jwen","tchouen","dschun","jhun","zhun","juen","jwen","joen","juenn"
"ㄔㄨㄣ","ch'un","chuen","chwen","tch'ouen","tschun","chun","chun","chuen","chwen","choen","chuenn"
"ㄓㄨㄥ","chung","jung","jung","tchong","dschung","jhong","zhong","jong","jorng","joong","jonq"
"ㄔㄨㄥ","ch'ung","chung","chung","tch'ong","tschung","chong","chong","chong","chorng","choong","chonq"
"ㄐㄩ","chü","jiu","jyu","kiu","djü","jyu","ju","jiu","jyu","jeu","jiuh"
"ㄑㄩ","ch'ü","chiu","chyu","k'iu","tjü","cyu","qu","chiu","chyu","cheu","chiuh"
"ㄐㄩㄢ","chüan","jiuan","jywan","kiuan","djüan","jyuan","juan","jiuan","jyuan","jeuan","jiuann"
"ㄑㄩㄢ","ch'üan","chiuan","chywan","k'iuan","tjüan","cyuan","quan","chiuan","chyuan","cheuan","chiuann"
"ㄐㄩㄝ","chüeh","jiue","jywe","kiue","djüä","jyue","jue","jiue","jyue","jeue","jiueh"
"ㄑㄩㄝ","ch'üeh","chiue","chywe","k'iue","tjüä","cyue","que","chiue","chyue","cheue","chiueh"
"ㄐㄩㄣ","chün","jiun","jyun","kiun","djün","jyun","jun","jiun","jyun","jeun","jiunn"
"ㄑㄩㄣ","ch'ün","chiun","chyun","k'iun","tjün","cyun","qun","chiun","chyun","cheun","chiunn"
"ㄜ","ê","e","e","ngo","o","e","e","e","er","ee","eh"
"ㄟ","ei","ei","ei","ei","ei","ei","ei","ei","eir","eei","ey"
"ㄣ","ên","en","en","ngen","ën","en","en","en","ern","een","enn"
"ㄥ","êng","eng","eng","ngeng","ëng","eng","eng","eng","erng","eeng","enq"
"ㄦ","êrh","er","er","eul","örl","er","er","el","erl","eel","ell"
"ㄈㄚ","fa","fa","fa","fa","fa","fa","fa","fa","far","faa","fah"
"ㄈㄢ","fan","fan","fan","fan","fan","fan","fan","fan","farn","faan","fann"
"ㄈㄤ","fang","fang","fang","fang","fang","fang","fang","fang","farng","faang","fanq"
"ㄈㄟ","fei","fei","fei","fei","fe","fei","fei","fei","feir","feei","fey"
"ㄈㄣ","fên","fen","fen","fen","fën","fen","fen","fen","fern","feen","fenn"
"ㄈㄥ","fêng","feng","feng","feng","fëng","fong","feng","feng","ferng","feeng","fenq"
"ㄈㄛ","fo","fo","fwo","fo","fo","fo","fo","fo","for","foo","foh"
"ㄈㄡ","fou","fou","fou","feou","fou","fou","fou","fou","four","foou","fow"
"ㄈㄨ","fu","fu","fu","fou","fu","fu","fu","fu","fwu","fuu","fuh"
"ㄏㄚ","ha","ha","ha","ha","ha","ha","ha","ha","har","haa","hah"
"ㄏㄞ","hai","hai","hai","hai","hai","hai","hai","hai","hair","hae","hay"
"ㄏㄢ","han","han","han","han","han","han","han","han","harn","haan","hann"
"ㄏㄤ","hang","hang","hang","hang","hang","hang","hang","hang","harng","haang","hanq"
"ㄏㄠ","hao","hau","hau","hao","hau","hao","hao","hau","haur","hao","haw"
"ㄏㄟ","hei","hei","hei","hei","he","hei","hei","hei","heir","heei","hey"
"ㄏㄣ","hên","hen","hen","hen","hën","hen","hen","hen","hern","heen","henn"
"ㄏㄥ","hêng","heng","heng","heng","hëng","heng","heng","heng","herng","heeng","henq"
"ㄏㄜ","ho","he","he","hö","ho","he","he","he","her","hee","heh"
"ㄏㄡ","hou","hou","hou","heou","hou","hou","hou","hou","hour","hoou","how"
"ㄒㄧ","hsi","shi","syi","hi","hsi","si","xi","shi","shyi","shii","shih"
"ㄒㄧㄚ","hsia","shia","sya","hia","hsia","sia","xia","shia","shya","shea","shiah"
"ㄒㄧㄤ","hsiang","shiang","syang","hiang","hsiang","siang","xiang","shiang","shyang","sheang","shianq"
"ㄒㄧㄠ","hsiao","shiau","syau","hiao","hsiao","siao","xiao","shiau","shyau","sheau","shiaw"
"ㄒㄧㄝ","hsieh","shie","sye","hien","hsiä","sie","xie","shie","shye","shiee","shieh"
"ㄒㄧㄢ","hsien","shian","syan","hie","hsiän","sian","xian","shian","shyan","shean","shiann"
"ㄒㄧㄣ","hsin","shin","syin","hin","hsin","sin","xin","shin","shyn","shiin","shinn"
"ㄒㄧㄥ","hsing","shing","sying","hing","hsing","sing","xing","shing","shyng","shiing","shinq"
"ㄒㄧㄡ","hsiu","shiou","syou","hieou","hsiu","siou","xiu","shiou","shyou","sheou","shiow"
"ㄒㄩㄥ","hsiung","shiung","syung","hiong","hsiung","syong","xiong","shiong","shyong","sheong","shionq"
"ㄒㄩ","hsü","shiu","syu","hiu","hsü","syu","xu","shiu","shyu","sheu","shiuh"
"ㄒㄩㄢ","hsüan","shiuan","sywan","hiuan","hsüan","syuan","xuan","shiuan","shyuan","sheuan","shiuann"
"ㄒㄩㄝ","hsüeh","shiue","sywe","hiue","hsüä","syue","xue","shiue","shyue","sheue","shiueh"
"ㄒㄩㄣ","hsün","shiun","syun","hiun","hsün","syun","xun","shiun","shyun","sheun","shiunn"
"ㄏㄨ","hu","hu","hu","hou","hu","hu","hu","hu","hwu","huu","huh"
"ㄏㄨㄚ","hua","hua","hwa","houa","hua","hua","hua","hua","hwa","hoa","huah"
"ㄏㄨㄞ","huai","huai","hwai","houai","huai","huai","huai","huai","hwai","hoai","huay"
"ㄏㄨㄢ","huan","huan","hwan","houan","huan","huan","huan","huan","hwan","hoan","huann"
"ㄏㄨㄤ","huang","huang","hwang","houang","huang","huang","huang","huang","hwang","hoang","huanq"
"ㄏㄨㄟ","hui","huei","hwei","houei","hui","hui","hui","huei","hwei","hoei","huey"
"ㄏㄨㄣ","hun","huen","hwen","houen","hun","hun","hun","huen","hwen","hoen","huenn"
"ㄏㄨㄥ","hung","hung","hung","hong","hung","hong","hong","hong","horng","hoong","honq"
"ㄏㄨㄛ","huo","huo","hwo","houo","huo","huo","huo","huo","hwo","huoo","huoh"
"ㄧ","i","yi","yi","yi","i","yi","yi","i","yi","yii","yih"
"ㄖㄢ","jan","ran","ran","jan","jan","ran","ran","rhan","ran","raan","rann"
"ㄖㄤ","jang","rang","rang","jang","jang","rang","rang","rhang","rang","raang","ranq"
"ㄖㄠ","jao","rau","rau","jao","jau","rao","rao","rhau","rau","rao","raw"
"ㄖㄜ","jê","re","re","jö","jö","re","re","rhe","re","ree","reh"
"ㄖㄣ","jên","ren","ren","jen","jën","ren","ren","rhen","ren","reen","renn"
"ㄖㄥ","jêng","reng","reng","jeng","jëng","reng","reng","rheng","reng","reeng","renq"
"ㄖ","jih","r","r","je","jï","rih","ri","rhy","ry","ryy","ryh"
"ㄖㄨㄛ","jo","ruo","rwo","jo","jo","ruo","ruo","rhuo","ruo","ruoo","ruoh"
"ㄖㄡ","jou","rou","rou","jeou","jou","rou","rou","rhou","rou","roou","row"
"ㄖㄨ","ju","ru","ru","jou","ju","ru","ru","rhu","ru","ruu","ruh"
"ㄖㄨㄢ","juan","ruan","rwan","jouan","juan","ruan","ruan","rhuan","ruan","roan","ruann"
"ㄖㄨㄟ","jui","ruei","rwei","jouei","jui","ruei","rui","rhuei","ruei","roei","ruey"
"ㄖㄨㄣ","jun","ruen","rwun","jouen","jun","run","run","rhuen","ruen","roen","ruenn"
"ㄖㄨㄥ","jung","rung","rung","jong","jung","rong","rong","rhong","rong","roong","ronq"
"ㄍㄚ","ka","ga","ga","ka","ga","ga","ga","ga","gar","gaa","gah"
"ㄎㄚ","k'a","ka","ka","k'a","ka","ka","ka","ka","kar","kaa","kah"
"ㄍㄞ","kai","gai","gai","kai","gai","gai","gai","gai","gair","gae","gay"
"ㄎㄞ","k'ai","kai","kai","k'ai","kai","kai","kai","kai","kair","kae","kay"
"ㄍㄢ","kan","gan","gan","kan","gan","gan","gan","gan","garn","gaan","gann"
"ㄎㄢ","k'an","kan","kan","k'an","kan","kan","kan","kan","karn","kaan","kann"
"ㄍㄤ","kang","gang","gang","kang","gang","gang","gang","gang","garng","gaang","ganq"
"ㄎㄤ","k'ang","kang","kang","k'ang","kang","kang","kang","kang","karng","kaang","kanq"
"ㄍㄠ","kao","gau","gau","kao","gau","gao","gao","gau","gaur","gao","gaw"
"ㄎㄠ","k'ao","kau","kau","k'ao","kau","kao","kao","kau","kaur","kao","kaw"
"ㄍㄟ","kei","gei","gei","kei","ge","gei","gei","gei","geir","geei","gey"
"ㄍㄣ","kên","gen","gen","ken","gën","gen","gen","gen","gern","geen","genn"
"ㄎㄣ","k'ên","ken","ken","k'en","kën","ken","ken","ken","kern","keen","kenn"
"ㄍㄥ","kêng","geng","geng","keng","gëng","geng","geng","geng","gerng","geeng","genq"
"ㄎㄥ","k'êng","keng","keng","k'eng","këng","keng","keng","keng","kerng","keeng","kenq"
"ㄍㄜ","kê","ge","ge","kö","gö","ge","ge","ge","ger","gee","geh"
"ㄎㄜ","k'o","ke","ke","k'ö","kö","ke","ke","ke","ker","kee","keh"
"ㄍㄡ","kou","gou","gou","keou","gou","gou","gou","gou","gour","goou","gow"
"ㄎㄡ","k'ou","kou","kou","k'eou","kou","kou","kou","kou","kour","koou","kow"
"ㄍㄨ","ku","gu","gu","kou","gu","gu","gu","gu","gwu","guu","guh"
"ㄎㄨ","k'u","ku","ku","k'ou","gu","ku","ku","ku","kwu","kuu","kuh"
"ㄍㄨㄚ","kua","gua","gwa","koua","gua","gua","gua","gua","gwa","goa","guah"
"ㄎㄨㄚ","k'ua","kua","kwa","k'oua","kua","kua","kua","kua","kwa","koa","kuah"
"ㄍㄨㄞ","kuai","guai","gwai","kouai","guai","guai","guai","guai","gwai","goai","guay"
"ㄎㄨㄞ","k'uai","kuai","kwai","k'ouai","kuai","kuai","kuai","kuai","kwai","koai","kuay"
"ㄍㄨㄢ","kuan","guan","gwan","kouan","guan","guan","guan","guan","gwan","goan","guann"
"ㄎㄨㄢ","k'uan","kuan","kwan","k'ouan","kuan","kuan","kuan","kuan","kwan","koan","kuann"
"ㄍㄨㄤ","kuang","guang","gwang","kouang","guang","guang","guang","guang","gwang","goang","guanq"
"ㄎㄨㄤ","k'uang","kuang","kwang","k'ouang","kuang","kuang","kuang","kuang","kwang","koang","kuanq"
"ㄍㄨㄟ","kuei","guei","gwei","kouei","gui","guei","gui","guei","gwei","goei","guey"
"ㄎㄨㄟ","k'uei","kuei","kwei","k'ouei","kue","kuei","kui","kuei","kwei","koei","kuey"
"ㄍㄨㄣ","kun","guen","gwun","kouen","gun","gun","gun","guen","gwen","goen","guenn"
"ㄎㄨㄣ","k'un","kuen","kwen","k'ouen","kun","kun","kun","kuen","kwen","koen","kuenn"
"ㄍㄨㄥ","kung","gung","gung","kong","gung","gong","gong","gong","gorng","goong","gonq"
"ㄎㄨㄥ","k'ung","kung","kung","k'ong","kung","kong","kong","kong","korng","koong","konq"
"ㄍㄨㄛ","kuo","guo","gwo","kouo","guo","guo","guo","guo","gwo","guoo","guoh"
"ㄎㄨㄛ","k'uo","kuo","kwo","k'ouo","kuo","kuo","kuo","kuo","kwo","kuoo","kuoh"
"ㄌㄚ","la","la","la","la","la","la","la","lha","la","laa","lah"
"ㄌㄞ","lai","lai","lai","lai","lai","lai","lai","lhai","lai","lae","lay"
"ㄌㄢ","lan","lan","lan","lan","lan","lan","lan","lhan","lan","laan","lann"
"ㄌㄤ","lang","lang","lang","lang","lang","lang","lang","lhang","lang","laang","lanq"
"ㄌㄠ","lao","lau","lau","lao","lau","lao","lao","lhau","lau","lao","law"
"ㄌㄜ","lê","le","le","lö","lö","le","le","lhe","le","lee","leh"
"ㄌㄟ","lei","lei","lei","lei","le","lei","lei","lhei","lei","leei","ley"
"ㄌㄥ","lêng","leng","leng","leng","lëng","leng","leng","lheng","leng","leeng","lenq"
"ㄌㄧ","li","li","li","li","li","li","li","lhi","li","lii","lih"
"ㄌㄧㄚ","lia","lia","lya","lea","lia","lia","lia","lhia","lia","lea","liah"
"ㄌㄧㄤ","liang","liang","lyang","leang","liang","liang","liang","lhiang","liang","leang","lianq"
"ㄌㄧㄠ","liao","liau","lyau","liao","liau","liao","liao","lhiau","liau","leau","liaw"
"ㄌㄧㄝ","lieh","lie","lye","lie","liä","lie","lie","lhie","lie","liee","lieh"
"ㄌㄧㄢ","lien","lian","lyan","lien","liän","lian","lian","lhian","lian","lean","liann"
"ㄌㄧㄣ","lin","lin","lin","lin","lin","lin","lin","lhin","lin","liin","linn"
"ㄌㄧㄥ","ling","ling","ling","ling","ling","ling","ling","lhing","ling","liing","linq"
"ㄌㄧㄡ","liu","liou","lyou","lieou","liou","liou","liu","lhiou","liou","leou","liow"
"ㄌㄛ","lo","lo","lo","lo","lo","lo","lo","lo","lor","loo","loh"
"ㄌㄨㄛ","lo","luo","lwo","louo","lo","luo","luo","lhuo","luo","luoo","luoh"
"ㄌㄡ","lou","lou","lou","leou","lou","lou","lou","lhou","lou","loou","low"
"ㄌㄨ","lu","lu","lu","lou","lu","lu","lu","lhu","lu","luu","luh"
"ㄌㄨㄢ","luan","luan","lwan","louan","luan","luan","luan","lhuan","luan","loan","luann"
"ㄌㄨㄣ","lun","luen","lwun","loun","lun","lun","lun","lhuen","luen","loen","luenn"
"ㄌㄨㄥ","lung","lung","lung","long","lung","long","long","lhong","long","loong","lonq"
"ㄌㄩ","lü","liu","lyu","liu","lü","lyu","lü","lhiu","liu","leu","liuh"
"ㄌㄩㄝ","lüeh","liue","lywe","liue","lüä","lyue","lüe","lhiue","liue","leue","liueh"
"ㄌㄩㄢ","lüan","liuan","lyuan","liuan","lüän","lyuan","lüan","lhiuan","liuan","leuan","liuann"
"ㄌㄩㄣ","lün","liun","lyun","liun","lün","lyun","lün","lhiun","liun","leun","liunn"
"ㄇㄚ","ma","ma","ma","ma","ma","ma","ma","mha","ma","maa","mah"
"ㄇㄞ","mai","mai","mai","mai","mai","mai","mai","mhai","mai","mae","may"
"ㄇㄢ","man","man","man","man","man","man","man","mhan","man","maan","mann"
"ㄇㄤ","mang","mang","mang","mang","mang","mang","mang","mhang","mang","maang","manq"
"ㄇㄠ","mao","mau","mau","mao","mau","mao","mao","mhau","mau","mao","maw"
"ㄇㄜ","mê","me","me","mö","mö","me","me","mhe","me","mee","meh"
"ㄇㄟ","mei","mei","mei","mei","me","mei","mei","mhei","mei","meei","mey"
"ㄇㄣ","mên","men","men","men","mën","men","men","mhen","men","meen","menn"
"ㄇㄥ","mêng","meng","meng","meng","mëng","meng","meng","mheng","meng","meeng","menq"
"ㄇㄧ","mi","mi","mi","mi","mi","mi","mi","mhi","mi","mii","mih"
"ㄇㄧㄠ","miao","miau","myau","miao","miau","miao","miao","mhiau","miau","meau","miaw"
"ㄇㄧㄝ","mieh","mie","mye","mie","miä","mie","mie","mhie","mie","miee","mieh"
"ㄇㄧㄢ","mien","mian","myan","mian","miän","mian","mian","mhian","mian","mean","miann"
"ㄇㄧㄣ","min","min","min","min","min","min","min","mhin","min","miin","minn"
"ㄇㄧㄥ","ming","ming","ming","ming","ming","ming","ming","mhing","ming","miing","minq"
"ㄇㄧㄡ","miu","miou","myou","mieou","miu","miou","miu","mhiou","miou","meou","miow"
"ㄇㄛ","mo","mo","mwo","mo","mo","mo","mo","mho","mo","moo","moh"
"ㄇㄡ","mou","mou","mou","meou","mou","mou","mou","mhou","mou","moou","mow"
"ㄇㄨ","mu","mu","mu","mou","mu","mu","mu","mhu","mu","muu","muh"
"ㄋㄚ","na","na","na","na","na","na","na","nha","na","naa","nah"
"ㄋㄞ","nai","nai","nai","nai","nai","nai","nai","nhai","nai","nae","nay"
"ㄋㄢ","nan","nan","nan","nan","nan","nan","nan","nhan","nan","naan","nann"
"ㄋㄤ","nang","nang","nang","nang","nang","nang","nang","nhang","nang","naang","nanq"
"ㄋㄠ","nao","nau","nau","nao","nau","nao","nao","nhau","nau","nao","naw"
"ㄋㄜ","nê","ne","ne","nö","nö","ne","ne","nhe","ne","nee","neh"
"ㄋㄟ","nei","nei","nei","nei","ne","nei","nei","nhei","nei","neei","ney"
"ㄋㄣ","nên","nen","nen","nen","nën","nen","nen","nhen","nen","neen","nenn"
"ㄋㄥ","nêng","neng","neng","neng","nëng","neng","neng","nheng","neng","neeng","nenq"
"ㄋㄧ","ni","ni","ni","ni","ni","ni","ni","nhi","ni","nii","nih"
"ㄋㄧㄚ","nia","nia","nya","nia","nia","nia","nia","nia","niar","niaa","niah"
"ㄋㄧㄤ","niang","niang","nyang","niang","niang","niang","niang","nhiang","niang","neang","nianq"
"ㄋㄧㄠ","niao","niau","nyau","niao","niau","niao","niao","nhiau","niau","neau","niaw"
"ㄋㄧㄝ","nieh","nie","nye","nie","niä","nie","nie","nhie","nie","niee","nieh"
"ㄋㄧㄢ","nien","nian","nyan","nien","niän","nian","nian","nhian","nian","nean","niann"
"ㄋㄧㄣ","nin","nin","nin","nin","nin","nin","nin","nhin","nin","niin","ninn"
"ㄋㄧㄥ","ning","ning","ning","ning","ning","ning","ning","nhing","ning","niing","ninq"
"ㄋㄧㄡ","niu","niou","nyou","nieou","niu","niou","niu","nhiou","niou","neou","niow"
"ㄋㄨㄛ","no","nuo","nwo","no","no","nuo","nuo","nhuo","nuo","nuoo","nuoh"
"ㄋㄡ","nou","nou","nou","neou","nou","nou","nou","nhou","nou","noou","now"
"ㄋㄨ","nu","nu","nu","nou","nu","nu","nu","nhu","nu","nuu","nuh"
"ㄋㄨㄢ","nuan","nuan","nwan","nouan","nuan","nuan","nuan","nhuan","nuan","noan","nuann"
"ㄋㄨㄣ","nun","nuen","nwen","nouen","nun","nun","nun","nhuen","nuen","noen","nuenn"
"ㄋㄨㄥ","nung","nung","nung","nong","nung","nong","nong","nhong","nong","noong","nonq"
"ㄋㄩ","nü","niu","nyu","niu","nü","nyu","nü","nhiu","niu","neu","niuh"
"ㄋㄩㄝ","nüeh","niue","nywe","nio","nüä","nyue","nüe","nhiue","niue","neue","niueh"
"ㄛ","o","o","o","o","o","o","o","o","or","oo","oh"
"ㄡ","ou","ou","ou","ngeou","ou","ou","ou","ou","our","oou","ow"
"ㄅㄚ","pa","ba","ba","pa","ba","ba","ba","ba","bar","baa","bah"
"ㄆㄚ","p'a","pa","pa","p'a","pa","pa","pa","pa","par","paa","pah"
"ㄅㄞ","pai","bai","bai","pai","bai","bai","bai","bai","bair","bae","bay"
"ㄆㄞ","p'ai","pai","pai","p'ai","pai","pai","pai","pai","pair","pae","pay"
"ㄅㄢ","pan","ban","ban","pan","ban","ban","ban","ban","barn","baan","bann"
"ㄆㄢ","p'an","pan","pan","p'an","pan","pan","pan","pan","parn","paan","pann"
"ㄅㄤ","pang","bang","bang","pang","bang","bang","bang","bang","barng","baang","banq"
"ㄆㄤ","p'ang","pang","pang","p'ang","pang","pang","pang","pang","parng","paang","panq"
"ㄅㄠ","pao","bau","bau","pao","bau","bao","bao","bau","baur","bao","baw"
"ㄆㄠ","p'ao","pau","pau","p'ao","pau","pao","pao","pau","paur","pao","paw"
"ㄅㄟ","pei","bei","bei","pei","be","bei","bei","bei","beir","beei","bey"
"ㄆㄟ","p'ei","pei","pei","p'ei","pe","pei","pei","pei","peir","peei","pey"
"ㄅㄣ","pên","ben","ben","pen","bën","ben","ben","ben","bern","been","benn"
"ㄆㄣ","p'ên","pen","pen","p'en","pën","pen","pen","pen","pern","peen","penn"
"ㄅㄥ","pêng","beng","beng","peng","bëng","beng","beng","beng","berng","beeng","benq"
"ㄆㄥ","p'êng","peng","peng","p'eng","pëng","peng","peng","peng","perng","peeng","penq"
"ㄅㄧ","pi","bi","bi","pi","bi","bi","bi","bi","byi","bii","bih"
"ㄆㄧ","p'i","pi","pi","p'i","pi","pi","pi","pi","pyi","pii","pih"
"ㄅㄧㄠ","piao","biau","byau","piao","biau","biao","biao","biau","byau","beau","biaw"
"ㄆㄧㄠ","p'iao","piau","pyau","p'iao","piau","piao","piao","piau","pyau","peau","piaw"
"ㄅㄧㄝ","pieh","bie","bye","pie","biä","bie","bie","bie","bye","biee","bieh"
"ㄆㄧㄝ","p'ieh","pie","pye","p'ie","piä","pie","pie","pie","pye","piee","pieh"
"ㄅㄧㄢ","pien","bian","byan","pien","biän","bian","bian","bian","byan","bean","biann"
"ㄆㄧㄢ","p'ien","pian","pyan","p'ien","piän","pian","pian","pian","pyan","pean","piann"
"ㄅㄧㄣ","pin","bin","bin","pin","bin","bin","bin","bin","byn","biin","binn"
"ㄆㄧㄣ","p'in","pin","pin","p'in","pin","pin","pin","pin","pyn","piin","pinn"
"ㄅㄧㄥ","ping","bing","bing","ping","bing","bing","bing","bing","byng","biing","binq"
"ㄆㄧㄥ","p'ing","ping","ping","p'ing","ping","ping","ping","ping","pyng","piing","pinq"
"ㄅㄛ","po","bo","bwo","po","bo","bo","bo","bo","bor","boo","boh"
"ㄆㄛ","p'o","po","pwo","p'o","po","po","po","po","por","poo","poh"
"ㄆㄡ","p'ou","pou","pou","p'eou","pou","pou","pou","pou","pour","poou","pow"
"ㄅㄨ","pu","bu","bu","pou","bu","bu","bu","bu","bwu","buu","buh"
"ㄆㄨ","p'u","pu","pu","p'ou","pu","pu","pu","pu","pwu","puu","puh"
"ㄙㄚ","sa","sa","sa","sa","sa","sa","sa","sa","sar","saa","sah"
"ㄙㄞ","sai","sai","sai","sai","sai","sai","sai","sai","sair","sae","say"
"ㄙㄢ","san","san","san","san","san","san","san","san","sarn","saan","sann"
"ㄙㄤ","sang","sang","sang","sang","sang","sang","sang","sang","sarng","saang","sanq"
"ㄙㄠ","sao","sau","sau","sao","sau","sao","sao","sau","saur","sao","saw"
"ㄙㄜ","sê","se","se","sö","sö","se","se","se","ser","see","seh"
"ㄙㄣ","sên","sen","sen","sën","sën","sen","sen","sen","sern","seen","senn"
"ㄙㄥ","sêng","seng","seng","sëng","sëng","seng","seng","seng","serng","seeng","senq"
"ㄕㄚ","sha","sha","sha","cha","scha","sha","sha","sha","shar","shaa","shah"
"ㄕㄞ","shai","shai","shai","chai","schai","shai","shai","shai","shair","shae","shay"
"ㄕㄢ","shan","shan","shan","chan","schan","shan","shan","shan","sharn","shaan","shann"
"ㄕㄤ","shang","shang","shang","chang","schang","shang","shang","shang","sharng","shaang","shanq"
"ㄕㄠ","shao","shau","shau","chao","schau","shao","shao","shau","shaur","shao","shaw"
"ㄕㄜ","shê","she","she","chö","schö","she","she","she","sher","shee","sheh"
"ㄕㄟ","shei","shei","shei","chei","schei","shei","shei","shei","sheir","sheei","shey"
"ㄕㄣ","shên","shen","shen","chen","schën","shen","shen","shen","shern","sheen","shenn"
"ㄕㄥ","shêng","sheng","sheng","cheng","schëng","sheng","sheng","sheng","sherng","sheeng","shenq"
"ㄕ","shih","shr","shr","che","schï","shih","shi","shy","shyr","shyy","shyh"
"ㄕㄡ","shou","shou","shou","cheou","schou","shou","shou","shou","shour","shoou","show"
"ㄕㄨ","shu","shu","shu","chou","schu","shu","shu","shu","shwu","shuu","shuh"
"ㄕㄨㄚ","shua","shua","shwa","choua","schua","shua","shua","shua","shwa","shoa","shuah"
"ㄕㄨㄞ","shuai","shuai","shwai","chouai","schuai","shuai","shuai","shuai","shwai","shoai","shuay"
"ㄕㄨㄢ","shuan","shuan","shwan","chouan","schuan","shuan","shuan","shuan","shwan","shoan","shuann"
"ㄕㄨㄤ","shuang","shuang","shwang","chouang","schuang","shuang","shuang","shuang","shwang","shoang","shuanq"
"ㄕㄨㄟ","shui","shuei","shwei","chouei","schui","shuei","shui","shuei","shwei","shoei","shuey"
"ㄕㄨㄣ","shun","shuen","shwun","chouen","schun","shun","shun","shuen","shwen","shoen","shuenn"
"ㄕㄨㄛ","shuo","shuo","shwo","chouo","scho","shuo","shuo","shuo","shwo","shuoo","shuoh"
"ㄙㄨㄛ","so","suo","swo","so","so","suo","suo","suo","swo","suoo","suoh"
"ㄙㄡ","sou","sou","sou","seou","sou","sou","sou","sou","sour","soou","sow"
"ㄙ","ssu","sz","sz","sseu","sï","sih","si","sy","syr","syy","syh"
"ㄙㄨ","su","su","su","sou","su","su","su","su","swu","suu","suh"
"ㄙㄨㄢ","suan","suan","swan","souan","suan","suan","suan","suan","swan","soan","suann"
"ㄙㄨㄟ","sui","suei","swei","souei","sui","suei","sui","suei","swei","soei","suey"
"ㄙㄨㄣ","sun","suen","swen","souen","sun","sun","sun","suen","swen","soen","suenn"
"ㄙㄨㄥ","sung","sung","sung","song","sung","song","song","song","sorng","soong","sonq"
"ㄉㄚ","ta","da","da","ta","da","da","da","da","dar","daa","dah"
"ㄊㄚ","t'a","ta","ta","t'a","ta","ta","ta","ta","tar","taa","tah"
"ㄉㄞ","tai","dai","dai","tai","dai","dai","dai","dai","dair","dae","day"
"ㄊㄞ","t'ai","tai","tai","t'ai","tai","tai","tai","tai","tair","tae","tay"
"ㄉㄢ","tan","dan","dan","tan","dan","dan","dan","dan","darn","daan","dann"
"ㄊㄢ","t'an","tan","tan","t'an","tan","tan","tan","tan","tarn","taan","tann"
"ㄉㄤ","tang","dang","dang","tang","dang","dang","dang","dang","darng","daang","danq"
"ㄊㄤ","t'ang","tang","tang","t'ang","tang","tang","tang","tang","tarng","taang","tanq"
"ㄉㄠ","tao","dau","dau","tao","dau","dao","dao","dau","daur","dao","daw"
"ㄊㄠ","t'ao","tau","tau","t'ao","tau","tao","tao","tau","taur","tao","taw"
"ㄉㄜ","tê","de","de","tö","dö","de","de","de","der","dee","deh"
"ㄊㄜ","t'ê","te","te","t'ö","tö","te","te","te","ter","tee","teh"
"ㄉㄟ","tei","dei","dei","tei","de","dei","dei","dei","deir","deei","dey"
"ㄊㄟ","t'ei","tei","tei","t'ei","te","tei","tei","tei","teir","deei","tey"
"ㄉㄥ","têng","deng","deng","teng","dëng","deng","deng","deng","derng","deeng","denq"
"ㄊㄥ","t'êng","teng","teng","t'eng","tëng","teng","teng","teng","terng","teeng","tenq"
"ㄉㄧ","ti","di","di","ti","di","di","di","di","dyi","dii","dih"
"ㄊㄧ","t'i","ti","ti","t'i","ti","ti","ti","ti","tyi","tii","tih"
"ㄉㄧㄤ","tiang","diang","dyang","tiang","diäng","diang","diang","diang","dyang","deang","dianq"
"ㄉㄧㄠ","tiao","diau","dyau","tiao","diau","diao","diao","diau","dyau","deau","diaw"
"ㄊㄧㄠ","t'iao","tiau","tyau","t'iao","tiau","tiao","tiao","tiau","tyau","teau","tiaw"
"ㄉㄧㄝ","tieh","die","dye","tie","diä","die","die","die","dye","diee","dieh"
"ㄊㄧㄝ","t'ieh","tie","tye","t'ie","tiä","tie","tie","tie","tye","tiee","tieh"
"ㄉㄧㄢ","tien","dian","dyan","tien","diän","dian","dian","dian","dyan","dean","diann"
"ㄊㄧㄢ","t'ien","tian","tyan","t'ien","tiän","tian","tian","tian","tyan","tean","tiann"
"ㄉㄧㄥ","ting","ding","ding","ting","ding","ding","ding","ding","dyng","diing","dinq"
"ㄊㄧㄥ","t'ing","ting","ting","t'ing","ting","ting","ting","ting","tyng","tiing","tinq"
"ㄉㄧㄡ","tiu","diou","dyou","tieou","diu","diou","diu","diou","dyou","deou","diow"
"ㄉㄨㄛ","to","duo","dwo","to","do","duo","duo","duo","dwo","duoo","duoh"
"ㄊㄨㄛ","t'o","tuo","two","t'o","to","tuo","tuo","tuo","two","tuoo","tuoh"
"ㄉㄡ","tou","dou","dou","teou","dou","dou","dou","dou","dour","doou","dow"
"ㄊㄡ","t'ou","tou","tou","t'eou","tou","tou","tou","tou","tour","toou","tow"
"ㄗㄚ","tsa","tza","dza","tsa","dsa","za","za","tza","tzar","tzaa","tzah"
"ㄘㄚ","ts'a","tsa","tsa","ts'a","tsa","ca","ca","tsa","tsar","tsaa","tsah"
"ㄗㄞ","tsai","tzai","dzai","tsai","dsai","zai","zai","tzai","tzair","tzae","tzay"
"ㄘㄞ","ts'ai","tsai","tsai","ts'ai","tsai","cai","cai","tsai","tsair","tsae","tsay"
"ㄗㄢ","tsan","tzan","dzan","tsan","dsan","zan","zan","tzan","tzarn","tzaan","tzann"
"ㄘㄢ","ts'an","tsan","tsan","ts'an","tsan","can","can","tsan","tsarn","tsaan","tsann"
"ㄗㄤ","tsang","tzang","dzang","tsang","dsang","zang","zang","tzang","tzarng","tzaang","tzanq"
"ㄘㄤ","ts'ang","tsang","tsang","ts'ang","tsang","cang","cang","tsang","tsarng","tsaang","tsanq"
"ㄗㄠ","tsao","tzau","dzau","tsao","dsau","zao","zao","tzau","tzaur","tzao","tzaw"
"ㄘㄠ","ts'ao","tsau","tsau","ts'ao","tsau","cao","cao","tsau","tsaur","tsao","tsaw"
"ㄗㄜ","tsê","tze","dze","tsö","dsö","ze","ze","tze","tzer","tzee","tzeh"
"ㄘㄜ","ts'ê","tse","tse","ts'ö","tsö","ce","ce","tse","tser","tsee","tseh"
"ㄗㄟ","tsei","tzei","dzei","tsei","dse","zei","zei","tzei","tzeir","tzeei","tzey"
"ㄗㄣ","tsên","tzen","dzen","tsen","dsën","zen","zen","tzen","tzern","tzeen","tzenn"
"ㄘㄣ","ts'ên","tsen","tsen","ts'en","tsën","cen","cen","tsen","tsern","tseen","tsenn"
"ㄗㄥ","tsêng","tzeng","dzeng","tseng","dsëng","zeng","zeng","tzeng","tzerng","tzeeng","tzenq"
"ㄘㄥ","ts'êng","tseng","tseng","ts'eng","tsëng","ceng","ceng","tseng","tserng","tseeng","tsenq"
"ㄗㄨㄛ","tso","tzuo","dzwo","tso","dso","zuo","zuo","tzuo","tzwo","tzuoo","tzuoh"
"ㄘㄨㄛ","ts'o","tsuo","tswo","ts'o","tso","cuo","cuo","tsuo","tswo","tsuoo","tsuoh"
"ㄗㄡ","tsou","tzou","dzou","tseou","dsou","zou","zou","tzou","tzour","tzoou","tzow"
"ㄘㄡ","ts'ou","tsou","tsou","ts'eou","tsou","cou","cou","tsou","tsour","tsoou","tsow"
"ㄗㄨ","tsu","tzu","dzu","tsou","dsu","zu","zu","tzu","tzwu","tzuu","tzuh"
"ㄘㄨ","ts'u","tsu","tsu","ts'ou","tsu","cu","cu","tsu","tswu","tsuu","tsuh"
"ㄗㄨㄢ","tsuan","tzuan","dzwan","tsouan","dsuan","zuan","zuan","tzuan","tzwan","tzoan","tzuann"
"ㄘㄨㄢ","ts'uan","tsuan","tswan","ts'ouan","tsuan","cuan","cuan","tsuan","tswan","tsoan","tsuann"
"ㄗㄨㄟ","tsui","tzuei","dzwei","tsouei","dsue","zuei","zui","tzuei","tzwei","tzoei","tzuey"
"ㄘㄨㄟ","ts'ui","tsuei","tswei","ts'ouei","tsui","cuei","cui","tsuei","tswei","tsoei","tsuey"
"ㄗㄨㄣ","tsun","tzuen","dzwen","tsouen","dsun","zun","zun","tzuen","tzwen","tzoen","tzuenn"
"ㄘㄨㄣ","ts'un","tsuen","tswen","ts'ouen","tsun","cun","cun","tsuen","tswen","tsoen","tsuenn"
"ㄗㄨㄥ","tsung","tzung","dzung","tsong","dsung","zong","zong","tzong","tzorng","tzoong","tzonq"
"ㄘㄨㄥ","ts'ung","tsung","tsung","ts'ong","tsung","cong","cong","tsong","tsorng","tsoong","tsonq"
"ㄉㄨ","tu","du","du","tou","du","du","du","du","dwu","duu","duh"
"ㄊㄨ","t'u","tu","tu","t'ou","tu","tu","tu","tu","twu","tuu","tuh"
"ㄉㄨㄢ","tuan","duan","dwan","touan","duan","duan","duan","duan","dwan","doan","duann"
"ㄊㄨㄢ","t'uan","tuan","twan","t'ouan","tuan","tuan","tuan","tuan","twan","toan","tuann"
"ㄉㄨㄟ","tui","duei","dwei","touei","dui","duei","dui","duei","dwei","doei","duey"
"ㄊㄨㄟ","t'ui","tuei","twei","t'ouei","tui","tuei","tui","tuei","twei","toei","tuey"
"ㄉㄨㄣ","tun","duen","dwen","touen","dun","dun","dun","duen","dwen","doen","duenn"
"ㄊㄨㄣ","t'un","tuen","twen","t'ouen","tun","tun","tun","tuen","twen","toen","tuenn"
"ㄉㄨㄥ","tung","dung","dung","tong","dung","dong","dong","dong","dorng","doong","donq"
"ㄊㄨㄥ","t'ung","tung","tung","t'ong","tung","tong","tong","tong","torng","toong","tonq"
"ㄗ","tzu","tz","dz","tseu","dsï","zih","zi","tzy","tzyr","tzyy","tzyh"
"ㄘ","tz'u","tsz","tsz","ts'eu","tsï","cih","ci","tsy","tsyr","tsyy","tsyh"
"ㄨㄚ","wa","wa","wa","wa","wa","wa","wa","ua","wa","waa","wah"
"ㄨㄞ","wai","wai","wai","wai","wai","wai","wai","uai","wai","woai","way"
"ㄨㄢ","wan","wan","wan","wan","wan","wan","wan","uan","wan","woan","wann"
"ㄨㄤ","wang","wang","wang","wang","wang","wang","wang","uang","wang","woang","wanq"
"ㄨㄟ","wei","wei","wei","wei","we","wei","wei","uei","wei","woei","wey"
"ㄨㄣ","wên","wen","wen","wen","wën","wun","wen","uen","wen","woen","wenn"
"ㄨㄥ","wêng","weng","weng","weng","wëng","wong","weng","ueng","weng","woeng","wenq"
"ㄨㄛ","wo","wo","wo","wo","wo","wo","wo","uo","wo","woo","woh"
"ㄨ","wu","wu","wu","wou","wu","wu","wu","u","wu","wuu","wuh"
"ㄧㄚ","ya","ya","ya","ya","ya","ya","ya","ia","ya","yea","yah"
"ㄧㄢ","yen","yan","yan","yen","yän","yan","yan","ian","yan","yean","yann"
"ㄧㄤ","yang","yang","yang","yang","yang","yang","yang","iang","yang","yeang","yanq"
"ㄧㄠ","yao","yau","yau","yao","yau","yao","yao","iau","yau","yeau","yaw"
"ㄧㄝ","yeh","ye","ye","ye","yä","ye","ye","ie","ye","yee","yeh"
"ㄧㄣ","yin","yin","yin","yin","yin","yin","yin","in","yn","yiin","yinn"
"ㄧㄥ","ying","ying","ying","ying","ying","ying","ying","ing","yng","yiing","yinq"
"ㄧㄡ","yu","you","you","yeou","yu","you","you","iou","you","yeou","yow"
"ㄩㄥ","yung","yung","yung","yong","yung","yong","yong","iong","yong","yeong","yonq"
"ㄩ","yü","yu","yu","yu","yü","yu","yu","iu","yu","yeu","yuh"
"ㄩㄢ","yüan","yuan","ywan","yuan","yüan","yuan","yuan","iuan","yuan","yeuan","yuann"
"ㄩㄝ","yüeh","yue","ywe","yue","yüä","yue","yue","iue","yue","yeue","yueh"
"ㄩㄣ","yün","yun","yun","yun","yün","yun","yun","iun","yun","yeun","yunn"
